{"cameraMode":{"drawMode":0,"name":"Shaded","section":"Shading Mode"},"sceneLighting":false,"audioPlay":false,"sceneViewState":{"m_AlwaysRefresh":false,"showFog":true,"showSkybox":false,"showFlares":true,"showImageEffects":true,"showParticleSystems":true,"showVisualEffectGraphs":true,"m_FxEnabled":true},"in2DMode":false,"pivot":{"x":-0.029697299003601075,"y":1.9684250354766846,"z":-0.10830128192901612},"rotation":{"x":0.01794474758207798,"y":-0.9675209522247315,"z":0.2417069375514984,"w":0.07183114439249039},"size":0.7371670603752136,"orthographic":false}