{"cameraMode":{"drawMode":0,"name":"Shaded","section":"Shading Mode"},"sceneLighting":false,"audioPlay":false,"sceneViewState":{"m_AlwaysRefresh":false,"showFog":true,"showSkybox":false,"showFlares":true,"showImageEffects":true,"showParticleSystems":true,"showVisualEffectGraphs":true,"m_FxEnabled":true},"in2DMode":false,"pivot":{"x":-0.019999980926513673,"y":4.0008544921875,"z":-0.2418307065963745},"rotation":{"x":-0.21641241014003755,"y":0.09996470808982849,"z":-0.022282009944319726,"w":-0.9709163904190064},"size":0.8466599583625794,"orthographic":false}